{
	"orders": [{
		"location_id": "JBKEF2CZ4CC53",
		"id": "DABaFA6WCVo4dJA5iEf0ynKeMNWZY",
		"reference_id": "11ea86eddabdac0ea53a0cc47a2b63cc",
		"source": {
			"name": "Online Store"
		},
		"customer_id": "K0EE7HV6G8S0QD5NPEK03YY0BR",
		"line_items": [{
			"quantity": "1",
			"uid": "tiGMgKiBDHtWwqWiQtY9r",
			"name": "Widget",
			"catalog_object_id": "VFQEF2MFA4ZG6TAHP5NIYJ3G",
			"variation_name": "Regular",
			"base_price_money": {
				"amount": 0,
				"currency": "USD"
			},
			"variation_total_price_money": {
				"amount": 0,
				"currency": "USD"
			},
			"gross_sales_money": {
				"amount": 0,
				"currency": "USD"
			},
			"total_tax_money": {
				"amount": 0,
				"currency": "USD"
			},
			"total_discount_money": {
				"amount": 0,
				"currency": "USD"
			},
			"total_money": {
				"amount": 0,
				"currency": "USD"
			}
		}],
		"fulfillments": [{
			"uid": "TAovcS8TcOi2gNczv1amm",
			"type": "DIGITAL",
			"state": "PROPOSED"
		}],
		"net_amounts": {
			"total_money": {
				"amount": 0,
				"currency": "USD"
			},
			"tax_money": {
				"amount": 0,
				"currency": "USD"
			},
			"discount_money": {
				"amount": 0,
				"currency": "USD"
			},
			"tip_money": {
				"amount": 0,
				"currency": "USD"
			},
			"service_charge_money": {
				"amount": 0,
				"currency": "USD"
			}
		},
		"created_at": "2020-04-25T12:11:49.836Z",
		"updated_at": "2020-04-25T12:11:50.745Z",
		"state": "OPEN",
		"version": 4,
		"total_money": {
			"amount": 0,
			"currency": "USD"
		},
		"total_tax_money": {
			"amount": 0,
			"currency": "USD"
		},
		"total_discount_money": {
			"amount": 0,
			"currency": "USD"
		},
		"total_service_charge_money": {
			"amount": 0,
			"currency": "USD"
		}
	}]
}